<?xml version='1.0' encoding='utf-8' standalone='yes' ?>
<map>
    <string name="prev_event_name">sub_page_viewed</string>
    <long name="prev_event_timestamp" value="1760197975280" />
    <int name="appsFlyerInAppEventCount" value="15" />
    <long name="prev_session_dur" value="8" />
    <boolean name="ddl_sent" value="true" />
    <long name="af_rc_max_age" value="86400" />
    <string name="sentSuccessfully">true</string>
    <int name="versionCode" value="50103" />
    <string name="af_remote_config">eyJmZWF0dXJlcyI6e30sInZlciI6ImRlZmF1bHQudjEuMTYzNzE0OTUyOSJ9</string>
    <string name="savedProperties">{&quot;uid&quot;:&quot;1760197580598-8137741076415259263&quot;,&quot;waitForCustomerId&quot;:&quot;false&quot;,&quot;logLevel&quot;:&quot;0&quot;,&quot;AppUserId&quot;:&quot;251326423&quot;}</string>
    <string name="AF_INSTALLATION">1760197580598-8137741076415259263</string>
    <boolean name="afUninstallToken_queued" value="false" />
    <int name="appsFlyerCount" value="10" />
    <long name="AppsFlyerTimePassedSincePrevLaunch" value="1760197975257" />
    <boolean name="newGPReferrerSent" value="true" />
    <long name="af_rc_timestamp" value="1760197596044" />
    <string name="appsFlyerFirstInstall"></string>
    <string name="attributionId">{&quot;af_status&quot;:&quot;Organic&quot;,&quot;af_message&quot;:&quot;organic install&quot;,&quot;is_first_launch&quot;:false}</string>
</map>
