<?xml version='1.0' encoding='utf-8' standalone='yes' ?>
<map>
    <string name="prev_event_name">phonepe_available</string>
    <long name="prev_event_timestamp" value="1755829014771" />
    <int name="appsFlyerInAppEventCount" value="8" />
    <long name="prev_session_dur" value="12" />
    <boolean name="ddl_sent" value="true" />
    <long name="af_rc_max_age" value="86400" />
    <string name="sentSuccessfully">true</string>
    <int name="versionCode" value="50005" />
    <string name="af_remote_config">eyJmZWF0dXJlcyI6e30sInZlciI6ImRlZmF1bHQudjEuMTYzNzE0OTUyOSJ9</string>
    <string name="savedProperties">{&quot;uid&quot;:&quot;1755828945854-7985559201013006386&quot;,&quot;waitForCustomerId&quot;:&quot;false&quot;,&quot;logLevel&quot;:&quot;0&quot;,&quot;AppUserId&quot;:&quot;227817988&quot;}</string>
    <string name="AF_INSTALLATION">1755828945854-7985559201013006386</string>
    <boolean name="afUninstallToken_queued" value="false" />
    <int name="appsFlyerCount" value="5" />
    <long name="af_rc_timestamp" value="1755828946189" />
    <long name="AppsFlyerTimePassedSincePrevLaunch" value="1755829013026" />
    <boolean name="newGPReferrerSent" value="true" />
    <string name="appsFlyerFirstInstall">2025-08-22_074545+0530</string>
    <string name="attributionId">{&quot;install_time&quot;:&quot;2025-08-22 02:15:48.609&quot;,&quot;af_message&quot;:&quot;organic install&quot;,&quot;af_status&quot;:&quot;Organic&quot;,&quot;is_first_launch&quot;:false}</string>
</map>
