<?xml version='1.0' encoding='utf-8' standalone='yes' ?>
<map>
    <int name="AF_CACHE_VERSION" value="1" />
    <string name="prev_event_name">splash_screen_viewed</string>
    <long name="prev_event_timestamp" value="1759764056386" />
    <boolean name="didSendRevenueTriggerOnLastBackground" value="false" />
    <int name="appsFlyerInAppEventCount" value="7" />
    <long name="prev_session_dur" value="4" />
    <boolean name="ddl_sent" value="true" />
    <int name="versionCode" value="5040007" />
    <string name="savedProperties">{&quot;logLevel&quot;:&quot;0&quot;}</string>
    <string name="AF_INSTALLATION">1759763998271-6038772690027328000</string>
    <int name="appsFlyerCount" value="10" />
    <long name="AppsFlyerTimePassedSincePrevLaunch" value="1759764056385" />
    <boolean name="newGPReferrerSent" value="true" />
    <string name="first_launch">{&quot;net&quot;:138,&quot;from_fg&quot;:2462,&quot;start_with&quot;:&quot;application&quot;,&quot;init_to_fg&quot;:973}</string>
    <string name="appsFlyerFirstInstall">2025-10-06_204958+0530</string>
</map>
