<?xml version='1.0' encoding='utf-8' standalone='yes' ?>
<map>
    <int name="AF_CACHE_VERSION" value="1" />
    <string name="prev_event_name">splash_screen_viewed</string>
    <long name="prev_event_timestamp" value="1757474163948" />
    <boolean name="didSendRevenueTriggerOnLastBackground" value="false" />
    <int name="appsFlyerInAppEventCount" value="1" />
    <string name="gcd">{&quot;net&quot;:3305,&quot;retries&quot;:0}</string>
    <long name="af_rc_max_age" value="86400" />
    <boolean name="ddl_sent" value="true" />
    <string name="sentSuccessfully">true</string>
    <int name="versionCode" value="5040007" />
    <string name="af_remote_config">eyJmZWF0dXJlcyI6e30sInZlciI6ImRlZmF1bHQudjEuMTYzNzE0OTUyOSJ9</string>
    <string name="savedProperties">{&quot;logLevel&quot;:&quot;0&quot;}</string>
    <string name="AF_INSTALLATION">1757474160864-7625224881646539539</string>
    <boolean name="afUninstallToken_queued" value="false" />
    <int name="appsFlyerCount" value="1" />
    <long name="af_rc_timestamp" value="1757474161658" />
    <long name="AppsFlyerTimePassedSincePrevLaunch" value="1757474164873" />
    <boolean name="newGPReferrerSent" value="true" />
    <string name="first_launch">{&quot;net&quot;:1246,&quot;from_fg&quot;:800,&quot;start_with&quot;:&quot;application&quot;,&quot;init_to_fg&quot;:1014}</string>
    <string name="appsFlyerFirstInstall">2025-09-10_084601+0530</string>
    <string name="attributionId">{&quot;install_time&quot;:&quot;2025-09-10 03:16:04.181&quot;,&quot;af_message&quot;:&quot;organic install&quot;,&quot;af_status&quot;:&quot;Organic&quot;,&quot;is_first_launch&quot;:false}</string>
</map>
