<?xml version='1.0' encoding='utf-8' standalone='yes' ?>
<map>
    <string name="prev_event_name">gpay_available</string>
    <long name="prev_event_timestamp" value="1756606044291" />
    <int name="appsFlyerInAppEventCount" value="8" />
    <long name="prev_session_dur" value="14" />
    <boolean name="ddl_sent" value="true" />
    <int name="versionCode" value="50005" />
    <string name="savedProperties">{&quot;uid&quot;:&quot;1756605770247-3269062431298760591&quot;,&quot;waitForCustomerId&quot;:&quot;false&quot;,&quot;logLevel&quot;:&quot;0&quot;,&quot;AppUserId&quot;:&quot;232472819&quot;}</string>
    <string name="AF_INSTALLATION">1756605770247-3269062431298760591</string>
    <int name="appsFlyerCount" value="18" />
    <long name="AppsFlyerTimePassedSincePrevLaunch" value="1756606044281" />
    <boolean name="newGPReferrerSent" value="true" />
    <string name="first_launch">{&quot;net&quot;:287,&quot;from_fg&quot;:1996,&quot;start_with&quot;:&quot;application&quot;,&quot;init_to_fg&quot;:54}</string>
    <string name="appsFlyerFirstInstall"></string>
</map>
