<?xml version='1.0' encoding='utf-8' standalone='yes' ?>
<map>
    <boolean name="bg_startup_tracing" value="false" />
    <long name="com.facebook.appevents.SessionInfo.sessionStartTime" value="1771221729156" />
    <long name="com.facebook.appevents.SessionInfo.sessionEndTime" value="1771221740140" />
    <int name="teri.maa.ki.kali.choot.bhen.k.loode.classes.originalInstallVersionCode" value="5050703" />
    <string name="com.facebook.appevents.UserDataStore.internalUserData">{&quot;r2&quot;:&quot;0f66058c2909f4dd611b2ad7b9f865c907dfa5f60ddac4f9dac87235c5aef9df&quot;}</string>
    <int name="com.facebook.appevents.SessionInfo.interruptionCount" value="0" />
    <long name="teri.maa.ki.kali.choot.bhen.k.loode.classes.cloneTimestamp" value="1767184228168" />
    <string name="com.facebook.appevents.SessionInfo.sessionId">9f82de28-ec4e-4489-b95c-ed088ef5f56d</string>
</map>
