<?xml version='1.0' encoding='utf-8' standalone='yes' ?>
<map>
    <long name="com.facebook.appevents.SessionInfo.sessionStartTime" value="1760323439968" />
    <long name="com.facebook.appevents.SessionInfo.sessionEndTime" value="1760323445225" />
    <boolean name="bg_startup_tracing" value="false" />
    <string name="com.facebook.appevents.UserDataStore.internalUserData">{&quot;r2&quot;:&quot;5fe062c0a62930d96111d2ddfb8e4346a807e8bdedddf554ceb226a7b734abc7,3feb0cdd979db4e4bb4d0e5b33d7d578d0c2aebabdfb8a0c1bcd071266a9fa87&quot;}</string>
    <int name="com.facebook.appevents.SessionInfo.interruptionCount" value="1" />
    <string name="com.facebook.appevents.SessionInfo.sessionId">49c99b5e-2072-47ea-b0bb-70dda5d77722</string>
</map>
