<?xml version='1.0' encoding='utf-8' standalone='yes' ?>
<map>
    <boolean name="should_show_post_login_steps" value="false" />
    <boolean name="fb_link_processed" value="true" />
    <string name="app_language">en</string>
    <int name="guilt_dialog_shown_count" value="0" />
    <string name="payment_pending_message"></string>
    <string name="occupation">[&quot;Student&quot;,&quot;Self-Employed&quot;,&quot;Govt. Employee&quot;,&quot;Salaried&quot;]</string>
    <int name="rating_popup_count" value="1" />
    <boolean name="daily_listening_time" value="true" />
    <int name="no_of_times_app_opened" value="2" />
    <boolean name="fcm_registered_userTeakIzk6WPf5iOtBQzeN3n3OchJ240008" value="true" />
    <boolean name="is_main_activity_created" value="true" />
    <int name="guilt_dialog_version" value="4" />
    <boolean name="is_first_login_via_onboarding_flow" value="false" />
    <int name="last_logged_in_user_id_only_for_download_check" value="118273996" />
    <string name="otp_country_codes">[&quot;91&quot;,&quot;1&quot;]</string>
    <string name="network_operator_name">JIO 4G</string>
    <string name="age_bracket">[&quot;15-20&quot;,&quot;21-25&quot;,&quot;26-30&quot;,&quot;31-35&quot;,&quot;36-40&quot;,&quot;41-45&quot;,&quot;46-50&quot;,&quot;51-55&quot;,&quot;56-60&quot;,&quot;Older&quot;]</string>
    <string name="last_selected_plan">{&quot;isFreeTrial&quot;:true,&quot;planId&quot;:533,&quot;planName&quot;:&quot;Quarterly Premium Plus &quot;,&quot;shortPlanName&quot;:&quot;Premium&quot;,&quot;description&quot;:&quot;Subscription valid for 3 months&quot;,&quot;planType&quot;:&quot;overall&quot;,&quot;isRecurring&quot;:true,&quot;validity&quot;:90,&quot;sellingPrice&quot;:499,&quot;discountedSellingPrice&quot;:499,&quot;currencySymbol&quot;:&quot;₹&quot;,&quot;currencyCode&quot;:&quot;INR&quot;,&quot;renewalDate&quot;:&quot;09 Jan, 2026&quot;,&quot;freeTrialAuthCharge&quot;:&quot;Test charge of upto ₹2 or less will be charged and refunded within 48 hours&quot;,&quot;validityText&quot;:&quot;3 months&quot;,&quot;paywallName&quot;:&quot;7 Days Free Trial&quot;,&quot;summary&quot;:&quot;then ₹499 for 3-months&quot;,&quot;comparisonPrice&quot;:&quot;₹166/month&quot;,&quot;summaryHtml&quot;:&quot;&lt;b&gt;7 days Free Trial, Cancel Anytime&lt;/b&gt;&quot;,&quot;comparisonPriceHtml&quot;:&quot;then 499 for 3 months (166/month)&quot;,&quot;googlePlayProductId&quot;:&quot;quarterly_plus_subscription_499&quot;,&quot;appleProductId&quot;:null,&quot;gpayFreeTrialOfferId&quot;:&quot;free-trial-7-days&quot;,&quot;googlePlayOfferId&quot;:&quot;free-trial-7-days&quot;,&quot;isDefault&quot;:true,&quot;metadata&quot;:{&quot;benefits&quot;:[{&quot;icon&quot;:&quot;https://d1l07mcd18xic4.cloudfront.net/static/subpage/righttick-icon.svg&quot;,&quot;text&quot;:&quot;Access to 10000+ Shows&quot;}],&quot;autopayText&quot;:&quot;Free for 7 days. Then autopay 499 for 3 months&quot;},&quot;isVip&quot;:false,&quot;firstName&quot;:&quot;Quarterly&quot;}</string>
    <int name="guilt_dialog_shown_today_count" value="0" />
    <long name="sleep_timer_future_milliseconds" value="0" />
    <string name="sale_badge_last_shown_date">1769143804222</string>
    <string name="first_open_date">02 01 2026</string>
    <int name="total_minutes_listened" value="0" />
    <boolean name="user_changed_language" value="true" />
    <string name="payment_gateway">razorpay_v2</string>
    <string name="bottom_menu_items">[&quot;home&quot;,&quot;new-and-hot&quot;,&quot;my-space&quot;]</string>
    <string name="sleep_timer_slug"></string>
    <string name="active_fb_link"></string>
    <boolean name="can_show_upsell_in_autoplay" value="true" />
    <string name="player_settings_data">{&quot;audio-quality&quot;:{&quot;description&quot;:&quot;Ultra HD consumes high Internet data.&quot;,&quot;label&quot;:&quot;Audio Quality&quot;,&quot;value&quot;:&quot;hd&quot;},&quot;autoplay-next-show&quot;:{&quot;description&quot;:&quot;Automatically Plays next shows from library recommendation when current shows ends.&quot;,&quot;label&quot;:&quot;Autoplay next Show&quot;,&quot;value&quot;:true},&quot;current-playback-speed&quot;:{&quot;value&quot;:1.0},&quot;screen-awake&quot;:{&quot;description&quot;:&quot;Screen remains on while listening, this will impact battery consumption. Screen remains always ON if you are reading transcript irrespective of this setting.&quot;,&quot;label&quot;:&quot;Screen Awake&quot;,&quot;value&quot;:false},&quot;smart-playback&quot;:{&quot;description&quot;:&quot;Starts slightly backwards on resume episode to maintain context&quot;,&quot;label&quot;:&quot;Smart Playback&quot;,&quot;value&quot;:false}}</string>
    <long name="full_page_free_trial_shown_date" value="1767336681721" />
    <boolean name="fcm_registered_userPDKqpyzkBsTtC17KnvZItnR3SMm240008" value="true" />
    <string name="system_upgrade_data">null</string>
    <boolean name="is_buy_now_clicked" value="true" />
    <string name="jwt_short_token">eyJhbGciOiJIUzUxMiIsInR5cCI6IkpXVCJ9.eyJ1c2VyX2lkIjoxMTgyNzM5OTYsImV4cCI6MTc2OTE1MDk5MSwidW5pcXVlX2lkIjoiMjczMjhlYzAtY2Q1MS00MTA3LTkzYzMtNzBlOTI2YWRjM2ExIn0.WYJOQcrA17UPrfa8kKuGonjy3wpoOjmlnztxzyj1RKxRWDxbrMKW4gwUe_ZfTwT0JkrzZRKZWX_RcWqFiMrnRw</string>
    <string name="jwt_long_token">eyJhbGciOiJIUzUxMiIsInR5cCI6IkpXVCJ9.eyJ1c2VyX2lkIjoxMTgyNzM5OTYsImV4cCI6MTc3MTczNTc5MSwidW5pcXVlX2lkIjoiMjczMjhlYzAtY2Q1MS00MTA3LTkzYzMtNzBlOTI2YWRjM2ExIn0.54kIZAfjGasRAwjT8ERG6OjXCriW-uuUofVJaSn9e-7SZEoBBWFxnciFq7H3jDA6HufiFXogLegRzNb6pFCteg</string>
    <boolean name="first_home_launch_for_new_user" value="false" />
    <int name="full_page_free_trial_shown_today_count" value="1" />
    <string name="last_rating_popup_dismiss">23-01-2026</string>
    <string name="advertisement_data">null</string>
    <string name="second_open_date">23 01 2026</string>
    <boolean name="is_first_session" value="true" />
    <string name="content_languages">[{&quot;color&quot;:&quot;#FD6233&quot;,&quot;color_info&quot;:{&quot;bg_color&quot;:&quot;#F8EBD0&quot;,&quot;text_color&quot;:&quot;#A16400&quot;},&quot;id&quot;:1,&quot;image&quot;:&quot;https://images.cdn.kukufm.com/https://kukufm.s3.ap-south-1.amazonaws.com/icons/hindi_1.png&quot;,&quot;is_new&quot;:false,&quot;is_selected&quot;:false,&quot;popShown&quot;:false,&quot;short_title&quot;:&quot;ह&quot;,&quot;slug&quot;:&quot;hindi&quot;,&quot;title_secondary&quot;:&quot;Hindi&quot;,&quot;title&quot;:&quot;हिंदी&quot;,&quot;uri&quot;:&quot;app://kukufm/home-lang/hindi&quot;},{&quot;color&quot;:&quot;#282E34&quot;,&quot;color_info&quot;:{&quot;bg_color&quot;:&quot;#EBCEF5&quot;,&quot;text_color&quot;:&quot;#671584&quot;},&quot;id&quot;:8,&quot;image&quot;:&quot;https://images.cdn.kukufm.com/https://kukufm.s3.ap-south-1.amazonaws.com/icons/tamil_2.png&quot;,&quot;is_new&quot;:false,&quot;is_selected&quot;:false,&quot;popShown&quot;:false,&quot;short_title&quot;:&quot;த&quot;,&quot;slug&quot;:&quot;tamil&quot;,&quot;title_secondary&quot;:&quot;Tamil&quot;,&quot;title&quot;:&quot;தமிழ்&quot;,&quot;uri&quot;:&quot;app://kukufm/home-lang/tamil&quot;},{&quot;color&quot;:&quot;#349DD5&quot;,&quot;color_info&quot;:{&quot;bg_color&quot;:&quot;#BAF0E4&quot;,&quot;text_color&quot;:&quot;#007A49&quot;},&quot;id&quot;:4,&quot;image&quot;:&quot;https://images.cdn.kukufm.com/https://kukufm.s3.ap-south-1.amazonaws.com/icons/marathi_1.png&quot;,&quot;is_new&quot;:false,&quot;is_selected&quot;:false,&quot;popShown&quot;:false,&quot;short_title&quot;:&quot;म&quot;,&quot;slug&quot;:&quot;marathi&quot;,&quot;title_secondary&quot;:&quot;Marathi&quot;,&quot;title&quot;:&quot;मराठी&quot;,&quot;uri&quot;:&quot;app://kukufm/home-lang/marathi&quot;},{&quot;color&quot;:&quot;#4F55C8&quot;,&quot;color_info&quot;:{&quot;bg_color&quot;:&quot;#F3C5F7&quot;,&quot;text_color&quot;:&quot;#8A00BE&quot;},&quot;id&quot;:5,&quot;image&quot;:&quot;https://images.cdn.kukufm.com/https://kukufm.s3.ap-south-1.amazonaws.com/icons/bangla_1.png&quot;,&quot;is_new&quot;:false,&quot;is_selected&quot;:false,&quot;popShown&quot;:false,&quot;short_title&quot;:&quot;বা&quot;,&quot;slug&quot;:&quot;bengali&quot;,&quot;title_secondary&quot;:&quot;Bangla&quot;,&quot;title&quot;:&quot;বাংলা&quot;,&quot;uri&quot;:&quot;app://kukufm/home-lang/bengali&quot;},{&quot;color&quot;:&quot;#0089B5&quot;,&quot;color_info&quot;:{&quot;bg_color&quot;:&quot;#DCF7BD&quot;,&quot;text_color&quot;:&quot;#0350AA&quot;},&quot;id&quot;:3,&quot;image&quot;:&quot;https://images.cdn.kukufm.com/https://kukufm.s3.ap-south-1.amazonaws.com/icons/telugu_1.png&quot;,&quot;is_new&quot;:false,&quot;is_selected&quot;:false,&quot;popShown&quot;:false,&quot;short_title&quot;:&quot;త&quot;,&quot;slug&quot;:&quot;telugu&quot;,&quot;title_secondary&quot;:&quot;Telugu&quot;,&quot;title&quot;:&quot;తెలుగు&quot;,&quot;uri&quot;:&quot;app://kukufm/home-lang/telugu&quot;},{&quot;color_info&quot;:{&quot;bg_color&quot;:&quot;#F9F2E1&quot;,&quot;text_color&quot;:&quot;#A2890B&quot;},&quot;id&quot;:13,&quot;image&quot;:&quot;https://images.cdn.kukufm.com/https://kukufm.s3.ap-south-1.amazonaws.com/icons/kannada_1.png&quot;,&quot;is_new&quot;:false,&quot;is_selected&quot;:false,&quot;popShown&quot;:false,&quot;short_title&quot;:&quot;ಕ&quot;,&quot;slug&quot;:&quot;kannada&quot;,&quot;title_secondary&quot;:&quot;Kannada&quot;,&quot;title&quot;:&quot;ಕನ್ನಡ&quot;,&quot;uri&quot;:&quot;app://kukufm/home-lang/kannada&quot;},{&quot;color&quot;:&quot;#282E34&quot;,&quot;color_info&quot;:{&quot;bg_color&quot;:&quot;#D4D5E3&quot;,&quot;text_color&quot;:&quot;#3239D5&quot;},&quot;id&quot;:9,&quot;image&quot;:&quot;https://images.cdn.kukufm.com/https://kukufm.s3.ap-south-1.amazonaws.com/icons/malayalam_1.png&quot;,&quot;is_new&quot;:false,&quot;is_selected&quot;:false,&quot;popShown&quot;:false,&quot;short_title&quot;:&quot;ള&quot;,&quot;slug&quot;:&quot;malayalam&quot;,&quot;title_secondary&quot;:&quot;Malayalam&quot;,&quot;title&quot;:&quot;മലയാളം&quot;,&quot;uri&quot;:&quot;app://kukufm/home-lang/malayalam&quot;},{&quot;color&quot;:&quot;#1EC39A&quot;,&quot;color_info&quot;:{&quot;bg_color&quot;:&quot;#F8D3DB&quot;,&quot;text_color&quot;:&quot;#A40023&quot;},&quot;id&quot;:2,&quot;image&quot;:&quot;https://images.cdn.kukufm.com/https://kukufm.s3.ap-south-1.amazonaws.com/icons/english_2.png&quot;,&quot;is_new&quot;:false,&quot;is_selected&quot;:true,&quot;popShown&quot;:false,&quot;short_title&quot;:&quot;Aa&quot;,&quot;slug&quot;:&quot;english&quot;,&quot;title_secondary&quot;:&quot;English&quot;,&quot;title&quot;:&quot;English&quot;,&quot;uri&quot;:&quot;app://kukufm/home-lang/english&quot;}]</string>
    <boolean name="night_mode" value="true" />
    <boolean name="is_phone_hint_shown" value="true" />
    <string name="plan_detail_string">{&quot;isFreeTrial&quot;:true,&quot;planId&quot;:533,&quot;planName&quot;:&quot;Quarterly Premium Plus &quot;,&quot;shortPlanName&quot;:&quot;Premium&quot;,&quot;description&quot;:&quot;Subscription valid for 3 months&quot;,&quot;planType&quot;:&quot;overall&quot;,&quot;isRecurring&quot;:true,&quot;validity&quot;:90,&quot;sellingPrice&quot;:499,&quot;discountedSellingPrice&quot;:499,&quot;currencySymbol&quot;:&quot;₹&quot;,&quot;currencyCode&quot;:&quot;INR&quot;,&quot;renewalDate&quot;:&quot;09 Jan, 2026&quot;,&quot;freeTrialAuthCharge&quot;:&quot;Test charge of upto ₹2 or less will be charged and refunded within 48 hours&quot;,&quot;validityText&quot;:&quot;3 months&quot;,&quot;paywallName&quot;:&quot;7 Days Free Trial&quot;,&quot;summary&quot;:&quot;then ₹499 for 3-months&quot;,&quot;comparisonPrice&quot;:&quot;₹166/month&quot;,&quot;summaryHtml&quot;:&quot;&lt;b&gt;7 days Free Trial, Cancel Anytime&lt;/b&gt;&quot;,&quot;comparisonPriceHtml&quot;:&quot;then 499 for 3 months (166/month)&quot;,&quot;googlePlayProductId&quot;:&quot;quarterly_plus_subscription_499&quot;,&quot;appleProductId&quot;:null,&quot;gpayFreeTrialOfferId&quot;:&quot;free-trial-7-days&quot;,&quot;googlePlayOfferId&quot;:&quot;free-trial-7-days&quot;,&quot;isDefault&quot;:true,&quot;metadata&quot;:{&quot;benefits&quot;:[{&quot;icon&quot;:&quot;https://d1l07mcd18xic4.cloudfront.net/static/subpage/righttick-icon.svg&quot;,&quot;text&quot;:&quot;Access to 10000+ Shows&quot;}],&quot;autopayText&quot;:&quot;Free for 7 days. Then autopay 499 for 3 months&quot;},&quot;isVip&quot;:false,&quot;firstName&quot;:&quot;Quarterly&quot;}</string>
    <string name="fcm_token">dZKSms5-QzqvlkFpLgu3_M:APA91bFOo5DT5sfIezZUdvlT89jLXxQi44X-f7LmyhXIHg88P6swu48Lx2xdisA1Wbm-glUS35zFiehhHRZRTO7cIlqB96-ezEXIZhHrBxp9DqbmWpl2wsQ</string>
    <string name="subscription_advertisement_data">null</string>
    <string name="account_invite_msg">Hello,&#10;Have you heard of Kuku FM, the app? It's brilliant! You can listen to stories, audiobooks, radio and a lot more, on it. Download the app, and see for yourself!https://kukufm.sng.link/Bpksi/3s34/j2kq?apn=com.vlv.aravali&amp;link=http://kukufm.com/refer/?refer=118273996&amp;utm_source=AppShares&amp;utm_campaign=OrganicShares&amp;utm_medium=invite_&#10;&#10;If you end up loving something on the app, definitely share it with me 😬</string>
    <boolean name="guilt_dialog_shown_in_current_session" value="false" />
    <int name="splash_screen_animation_count" value="2" />
    <long name="jwt_short_token_timestamp" value="1769150991" />
    <string name="unique_user_identifier">36504d17-a6fc-4f62-8f0a-75e419c89979</string>
    <boolean name="should_use_be_otp_service" value="true" />
    <string name="scroll_for_more_last_shown_date">1769143862260</string>
    <long name="jwt_refresh_token_timestamp" value="1771735791" />
    <int name="fiction_total_minutes_listened" value="0" />
    <string name="user">{&quot;avatar&quot;:{&quot;128&quot;:&quot;https://images.cdn.kukufm.com/w:128/f:jpg/q:90/https://kukufm.s3.amazonaws.com/avatars/b8d4f91c828d4580824aa75a5f6a318b.jpg&quot;,&quot;256&quot;:&quot;https://images.cdn.kukufm.com/w:256/f:jpg/q:90/https://kukufm.s3.amazonaws.com/avatars/b8d4f91c828d4580824aa75a5f6a318b.jpg&quot;,&quot;32&quot;:&quot;https://images.cdn.kukufm.com/w:32/f:jpg/q:90/https://kukufm.s3.amazonaws.com/avatars/b8d4f91c828d4580824aa75a5f6a318b.jpg&quot;,&quot;64&quot;:&quot;https://images.cdn.kukufm.com/w:64/f:jpg/q:90/https://kukufm.s3.amazonaws.com/avatars/b8d4f91c828d4580824aa75a5f6a318b.jpg&quot;},&quot;bio&quot;:&quot;@PREMIUM_HUBO&quot;,&quot;coin_shop_url&quot;:&quot;https://kukufm.com/shop/&quot;,&quot;current_league&quot;:&quot;sapphire&quot;,&quot;daily_listening_time&quot;:0,&quot;dynamic_link&quot;:&quot;https://applinks.kukufm.com/y41M1NidtxpPguPS6&quot;,&quot;dob&quot;:&quot;&quot;,&quot;email&quot;:&quot;fairmail98@gmail.com&quot;,&quot;enable_new_and_hot&quot;:false,&quot;enable_web_premium_page&quot;:true,&quot;experiments&quot;:[{&quot;slug&quot;:&quot;new_ui_enabled&quot;},{&quot;slug&quot;:&quot;home-phase-3&quot;,&quot;url&quot;:&quot;&quot;,&quot;user_set&quot;:&quot;2&quot;},{&quot;slug&quot;:&quot;skip_show_page_on_reel&quot;},{&quot;slug&quot;:&quot;transition-to-player&quot;},{&quot;slug&quot;:&quot;is_default_landing_on_episode_list&quot;},{&quot;slug&quot;:&quot;vertical_thumbnail_continue_listening&quot;}],&quot;facebook_profile&quot;:&quot;&quot;,&quot;firebase_signin_provider&quot;:&quot;phone&quot;,&quot;id&quot;:118273996,&quot;incognito_mode&quot;:true,&quot;insta_handle&quot;:&quot;&quot;,&quot;is_user_anonymous&quot;:false,&quot;is_audio_language_visible&quot;:true,&quot;is_blocked&quot;:false,&quot;is_participant&quot;:false,&quot;is_checked&quot;:false,&quot;is_content_lang_selected&quot;:true,&quot;is_creator&quot;:false,&quot;is_d0_user&quot;:false,&quot;is_mail_verified&quot;:true,&quot;is_existing_subscriber&quot;:true,&quot;is_following&quot;:false,&quot;is_gamification_enabled&quot;:true,&quot;is_invited&quot;:false,&quot;is_onboarding_complete&quot;:false,&quot;is_onboarding_complete_v2&quot;:true,&quot;is_participated&quot;:false,&quot;is_phone_verified&quot;:true,&quot;has_premium&quot;:true,&quot;refer_n_invite_eligible&quot;:false,&quot;is_renewal_user&quot;:false,&quot;is_scratch_card_enable&quot;:false,&quot;is_self&quot;:false,&quot;uber_premium&quot;:false,&quot;is_week0_user&quot;:false,&quot;mins_listened&quot;:0,&quot;phone&quot;:&quot;+918968448720&quot;,&quot;n_units&quot;:0,&quot;n_followers&quot;:0,&quot;n_followings&quot;:0,&quot;n_listens&quot;:0,&quot;n_reads&quot;:0,&quot;n_shows&quot;:0,&quot;name&quot;:&quot;@RJN_MODS&quot;,&quot;notification&quot;:false,&quot;avatar_cdn&quot;:&quot;https://images.cdn.kukufm.com/https://kukufm.s3.amazonaws.com/avatars/b8d4f91c828d4580824aa75a5f6a318b.jpg&quot;,&quot;which_page&quot;:{&quot;type&quot;:&quot;premium_page&quot;,&quot;url&quot;:&quot;https://kukufm.com/renewal/&quot;},&quot;rank&quot;:0,&quot;app_rating&quot;:{&quot;rating&quot;:4},&quot;sharing_text&quot;:&quot;Follow @RJN_MODS on Kuku FM (Android) . Download app now! \nhttps://applinks.kukufm.com/y41M1NidtxpPguPS6&quot;,&quot;show_sticky_ribbon&quot;:false,&quot;sign_up_source&quot;:&quot;phone&quot;,&quot;target_time&quot;:60,&quot;total_points&quot;:0,&quot;user_name&quot;:&quot;+918968448720&quot;,&quot;user_plan_details&quot;:{},&quot;uuid&quot;:&quot;bd25a2c381a34e918a5beaaddc75cd96&quot;,&quot;wallet&quot;:{&quot;free_coins&quot;:0,&quot;paid_coins&quot;:0,&quot;total_coins&quot;:0},&quot;youtube_channel&quot;:&quot;&quot;}</string>
</map>
