<?xml version='1.0' encoding='utf-8' standalone='yes' ?>
<map>
    <long name="com.facebook.appevents.SessionInfo.sessionStartTime" value="1760627353803" />
    <long name="com.facebook.appevents.SessionInfo.sessionEndTime" value="1760627398719" />
    <boolean name="bg_startup_tracing" value="false" />
    <string name="com.facebook.appevents.UserDataStore.internalUserData">{&quot;r2&quot;:&quot;31d7152fff56d3edaaf4fe6da9f372fb8394ed32184bf43ae7305c9e702446b0&quot;}</string>
    <int name="com.facebook.appevents.SessionInfo.interruptionCount" value="3" />
    <string name="com.facebook.appevents.SessionInfo.sessionId">a9a2ccf3-9a15-40cb-b61f-f89c331c2e11</string>
</map>
