<?xml version='1.0' encoding='utf-8' standalone='yes' ?>
<map>
    <boolean name="measurement_enabled_from_api" value="true" />
    <long name="first_open_time" value="1759894914622" />
    <string name="gmp_app_id">1:850220037081:android:2a58ca28d6a3d34b</string>
    <string name="app_instance_id">cedcef812e6f3fb68f089c401a75565d</string>
    <long name="deep_link_retrieval_attempts" value="1" />
    <long name="session_id" value="1759894914" />
    <boolean name="app_backgrounded" value="true" />
    <long name="health_monitor:start" value="1759894914762" />
    <boolean name="use_service" value="true" />
    <boolean name="deferred_analytics_collection" value="false" />
    <string name="previous_os_version">15</string>
    <boolean name="measurement_enabled" value="true" />
    <boolean name="has_been_opened" value="true" />
    <boolean name="allow_remote_dynamite" value="true" />
    <long name="last_pause_time" value="1759894932230" />
    <boolean name="start_new_session" value="false" />
</map>
