<?xml version='1.0' encoding='utf-8' standalone='yes' ?>
<map>
    <string name="auto_event_setup_enabled">{&quot;value&quot;:false,&quot;last_timestamp&quot;:1757910270799}</string>
    <string name="com.facebook.sdk.AutoLogAppEventsEnabled">{&quot;value&quot;:true,&quot;last_timestamp&quot;:1758016785157}</string>
    <string name="com.facebook.sdk.AdvertiserIDCollectionEnabled">{&quot;value&quot;:true,&quot;last_timestamp&quot;:1758016785157}</string>
    <string name="com.facebook.sdk.AutoInitEnabled">{&quot;value&quot;:true,&quot;last_timestamp&quot;:1758016785157}</string>
    <int name="com.facebook.sdk.USER_SETTINGS_BITMASK" value="15" />
</map>
