<?xml version='1.0' encoding='utf-8' standalone='yes' ?>
<map>
    <boolean name="measurement_enabled_from_api" value="true" />
    <long name="last_upload" value="1769143793856" />
    <long name="first_open_time" value="1767336663159" />
    <string name="gmp_app_id">1:850220037081:android:2a58ca28d6a3d34b</string>
    <string name="app_instance_id">72eeef4f4cbb2fd86afbd45d7a85ac13</string>
    <long name="deep_link_retrieval_attempts" value="2" />
    <long name="session_id" value="1769143789" />
    <boolean name="app_backgrounded" value="true" />
    <long name="health_monitor:start" value="1769143789169" />
    <boolean name="use_service" value="false" />
    <boolean name="deferred_analytics_collection" value="false" />
    <long name="last_delete_stale" value="660284892" />
    <string name="previous_os_version">15</string>
    <boolean name="measurement_enabled" value="true" />
    <boolean name="has_been_opened" value="true" />
    <string name="health_monitor:value">2WC79000:Callable skipped the worker queue.</string>
    <boolean name="allow_remote_dynamite" value="true" />
    <long name="last_pause_time" value="1769143872505" />
    <long name="midnight_offset" value="47567314" />
    <boolean name="start_new_session" value="false" />
    <long name="health_monitor:count" value="6" />
    <long name="last_upload_attempt" value="0" />
</map>
