<?xml version='1.0' encoding='utf-8' standalone='yes' ?>
<map>
    <boolean name="measurement_enabled_from_api" value="true" />
    <boolean name="deep_link_retrieval_complete" value="true" />
    <long name="first_open_time" value="1760197580341" />
    <string name="gmp_app_id">1:850220037081:android:2a58ca28d6a3d34b</string>
    <string name="app_instance_id">60adc7e61d07df8d261537d883739aaa</string>
    <long name="deep_link_retrieval_attempts" value="1" />
    <boolean name="app_backgrounded" value="true" />
    <long name="session_id" value="1760323439" />
    <long name="health_monitor:start" value="1760323439038" />
    <boolean name="use_service" value="true" />
    <boolean name="deferred_analytics_collection" value="false" />
    <boolean name="measurement_enabled" value="true" />
    <string name="previous_os_version">15</string>
    <boolean name="has_been_opened" value="true" />
    <boolean name="allow_remote_dynamite" value="true" />
    <long name="last_pause_time" value="1760323446367" />
    <boolean name="start_new_session" value="false" />
</map>
