<?xml version='1.0' encoding='utf-8' standalone='yes' ?>
<map>
    <long name="com.facebook.appevents.SessionInfo.sessionStartTime" value="1758815641960" />
    <long name="com.facebook.appevents.SessionInfo.sessionEndTime" value="1758815652265" />
    <boolean name="bg_startup_tracing" value="false" />
    <string name="com.facebook.appevents.UserDataStore.internalUserData">{&quot;r2&quot;:&quot;d4340346f9aa3ba46931ea8dc574a34bf31fefb695cb64146e9c864f845d2998,01de5621458f3d9157c1b11705be99822b94e223df3c45ca257c12b3bdb1cf5e&quot;}</string>
    <int name="com.facebook.appevents.SessionInfo.interruptionCount" value="1" />
    <string name="com.facebook.appevents.SessionInfo.sessionId">b022891c-48ad-4e7d-9a10-fbc2cd1d8607</string>
</map>
