<?xml version='1.0' encoding='utf-8' standalone='yes' ?>
<map>
    <boolean name="measurement_enabled_from_api" value="true" />
    <long name="first_open_time" value="1756552904033" />
    <string name="gmp_app_id">1:850220037081:android:2a58ca28d6a3d34b</string>
    <string name="app_instance_id">f9edeabfa26f946370cb29e146065954</string>
    <long name="deep_link_retrieval_attempts" value="1" />
    <long name="session_id" value="1756552904" />
    <boolean name="app_backgrounded" value="true" />
    <long name="health_monitor:start" value="1756552904300" />
    <boolean name="use_service" value="true" />
    <boolean name="deferred_analytics_collection" value="false" />
    <string name="previous_os_version">15</string>
    <boolean name="measurement_enabled" value="true" />
    <boolean name="has_been_opened" value="true" />
    <string name="health_monitor:value">2WC133018:Network is not available for Deferred Deep Link request. Skipping</string>
    <boolean name="allow_remote_dynamite" value="true" />
    <long name="last_pause_time" value="1756552920511" />
    <boolean name="start_new_session" value="false" />
    <long name="health_monitor:count" value="1" />
</map>
