<?xml version='1.0' encoding='utf-8' standalone='yes' ?>
<map>
    <long name="fire-count" value="2" />
    <string name="last-used-date">2025-09-01</string>
    <long name="fire-global" value="1756764397702" />
    <set name="fire-perf/20.4.0 device-name/7e2a29412d81ed15 kotlin/2.0.21 device-model/5ee895f9c2ff6170 fire-analytics/21.3.0 android-min-sdk/23 fire-core-ktx/unspecified fire-fcm/23.2.0 fire-sessions/1.0.0 fire-abt/21.1.1 fire-core/20.3.3 fire-android/35 device-brand/55a467ef48443d2d android-installer/com.android.vending fire-installations/17.1.3 fire-rc/21.4.1 android-platform/ fire-auth/22.1.0 fire-dl/21.1.0 fire-transport/18.1.8 android-target-sdk/27 fire-cls/18.4.0">
        <string>2025-08-31</string>
    </set>
</map>
