<?xml version='1.0' encoding='utf-8' standalone='yes' ?>
<map>
    <long name="fire-count" value="2" />
    <string name="last-used-date">2025-09-15</string>
    <long name="fire-global" value="1757951973032" />
    <set name="fire-installations/18.0.0 device-brand/vivo kotlin/2.2.0 fire-rc/22.1.0 fire-auth/23.2.0 android-min-sdk/23 fire-dl/22.1.0 fire-abt/21.1.1 fire-android/34 device-name/2141i fire-core/21.0.0 fire-core-ktx/21.0.0 android-installer/com.google.android.packageinstaller fire-analytics/22.3.0 fire-perf/21.0.4 android-platform/ fire-fcm/24.1.0 android-target-sdk/35 fire-sessions/2.0.9 fire-transport/19.0.0 fire-cls/19.4.1 device-model/2141">
        <string>2025-09-12</string>
    </set>
</map>
