<?xml version='1.0' encoding='utf-8' standalone='yes' ?>
<map>
    <set name="kotlin/2.1.10 fire-installations/18.0.0 device-name/RMX5003IN fire-auth/23.2.0 fire-rc/22.1.0 android-min-sdk/23 fire-dl/22.1.0 device-brand/realme fire-abt/21.1.1 fire-android/35 android-installer/com.android.vending fire-core/21.0.0 fire-core-ktx/21.0.0 fire-analytics/22.3.0 device-model/RE6066L1 fire-perf/21.0.4 android-platform/ fire-fcm/24.1.0 fire-sessions/2.0.9 android-target-sdk/25 fire-transport/19.0.0 fire-cls/19.4.1">
        <string>2025-07-30</string>
    </set>
    <long name="fire-count" value="2" />
    <string name="last-used-date">2025-08-02</string>
    <long name="fire-global" value="1754097182480" />
</map>
