<?xml version='1.0' encoding='utf-8' standalone='yes' ?>
<map>
    <long name="fire-count" value="2" />
    <string name="last-used-date">2025-10-18</string>
    <long name="fire-global" value="1760763892783" />
    <set name="kotlin/2.0.21 fire-perf/20.4.0 device-brand/vivo fire-analytics/21.3.0 android-min-sdk/23 fire-fcm/23.2.0 fire-core-ktx/unspecified fire-sessions/1.0.0 fire-abt/21.1.1 fire-core/20.3.3 fire-android/35 device-name/V2428iC fire-installations/17.1.3 android-installer/com.google.android.packageinstaller android-target-sdk/28 android-platform/ fire-rc/21.4.1 device-model/V2428 fire-auth/22.1.0 fire-dl/21.1.0 fire-transport/18.1.8 fire-cls/18.4.0">
        <string>2025-10-16</string>
    </set>
</map>
