<?xml version='1.0' encoding='utf-8' standalone='yes' ?>
<map>
    <long name="fire-count" value="3" />
    <string name="last-used-date">2025-10-13</string>
    <long name="fire-global" value="1760323439221" />
    <set name="fire-perf/20.4.0 device-name/7e2a29412d81ed15 kotlin/2.0.21 fire-analytics/21.3.0 android-min-sdk/23 fire-fcm/23.2.0 fire-core-ktx/unspecified fire-sessions/1.0.0 fire-abt/21.1.1 fire-android/33 fire-core/20.3.3 android-installer/com.android.vending fire-installations/17.1.3 device-model/E6533 device-brand/Sony android-platform/ fire-rc/21.4.1 fire-dl/21.1.0 fire-auth/22.1.0 fire-transport/18.1.8 fire-cls/18.4.0 android-target-sdk/34">
        <string>2025-10-11</string>
    </set>
</map>
