<?xml version='1.0' encoding='utf-8' standalone='yes' ?>
<map>
    <int name="appVersion" value="5040007" />
    <string name="user_session">{&quot;session_id&quot;:&quot;23ec1653-24bf-4df9-a291-d38e1a286385&quot;,&quot;start_time&quot;:&quot;2025-09-10T09:34:25.839Z&quot;,&quot;last_interaction_time&quot;:1757497105158}</string>
    <int name="core_module_synced_app_version" value="5040007" />
    <long name="last_event_sync_time" value="1757497108545" />
    <string name="core_debugger_log_config">{&quot;logLevel&quot;:0,&quot;isLoggingEnabled&quot;:false,&quot;expiryTime&quot;:-1}</string>
    <string name="core_device_unique_id">89f8d778-eeb9-4eed-b72d-4fedea056596</string>
    <long name="inapp_last_sync_time" value="1757497099" />
    <set name="sent_activity_list">
        <string>com.vlv.aravali.premium.PremiumTabParentActivity</string>
        <string>com.vlv.aravali.payments.common.ui.PaymentFailedActivity</string>
        <string>in.juspay.hypernfc.NfcActivity</string>
        <string>com.vlv.aravali.playerMedia3.ui.PlayerActivity</string>
        <string>com.moengage.pushbase.activities.PushClickDialogTracker</string>
        <string>androidx.compose.ui.tooling.PreviewActivity</string>
        <string>com.vlv.aravali.views.activities.WebViewActivity</string>
        <string>com.vlv.aravali.views.activities.SplashActivity</string>
        <string>com.vlv.aravali.reels.view.v1.ReelsActivity</string>
        <string>com.android.billingclient.api.ProxyBillingActivityV2</string>
        <string>com.vlv.aravali.payments.legacy.ui.activity.SubsCancellationActivity</string>
        <string>com.vlv.aravali.payments.juspay.ui.JuspayPaymentActivity</string>
        <string>com.google.firebase.auth.internal.RecaptchaActivity</string>
        <string>com.vlv.aravali.settings.ui.AccountVerificationActivity</string>
        <string>com.vlv.aravali.payments.legacy.ui.activity.PauseSubscriptionActivity</string>
        <string>com.google.android.gms.ads.OutOfContextTestingActivity</string>
        <string>com.moengage.inbox.ui.view.InboxActivity</string>
        <string>com.vlv.aravali.signup.ui.activities.SignupActivity</string>
        <string>com.vlv.aravali.reelsTrailer.view.ReelsTrailerActivity</string>
        <string>com.google.android.gms.ads.AdActivity</string>
        <string>androidx.credentials.playservices.HiddenActivity</string>
        <string>easypay.appinvoke.AnalyticsManagerInfoDisplayActivity</string>
        <string>com.vlv.aravali.onboarding.ui.OnboardingActivity</string>
        <string>com.facebook.FacebookActivity</string>
        <string>com.vlv.aravali.livestream.ui.LiveStreamActivity</string>
        <string>com.moe.pushlibrary.activities.MoEActivity</string>
        <string>com.google.firebase.auth.internal.GenericIdpActivity</string>
        <string>com.facebook.CustomTabMainActivity</string>
        <string>com.vlv.aravali.reviewSubmit.activities.ReviewSubmitActivityV2</string>
        <string>com.moengage.sdk.debugger.MoEDebuggerActivity</string>
        <string>com.google.android.play.core.common.PlayCoreDialogWrapperActivity</string>
        <string>com.vlv.aravali.views.activities.ExpandedImageActivity</string>
        <string>com.moengage.hms.pushkit.PushClickTracker</string>
        <string>com.google.android.gms.ads.NotificationHandlerActivity</string>
        <string>com.vlv.aravali.payments.legacy.ui.activity.LegacyPaymentActivity</string>
        <string>com.vlv.aravali.payments.optimizer.ui.PaymentActivity</string>
        <string>com.google.android.gms.common.api.GoogleApiActivity</string>
        <string>com.vlv.aravali.coins.ui.activities.CoinsPaymentActivity</string>
        <string>com.google.android.gms.auth.api.signin.internal.SignInHubActivity</string>
        <string>com.moengage.cards.ui.CardActivity</string>
        <string>com.moengage.pushbase.internal.activity.PermissionActivity</string>
        <string>com.paytm.pgsdk.PaytmPGActivity</string>
        <string>in.juspay.hypersdk.core.CustomtabResult</string>
        <string>com.canhub.cropper.CropImageActivity</string>
        <string>com.facebook.CustomTabActivity</string>
        <string>com.moengage.pushbase.activities.PushTracker</string>
        <string>com.vlv.aravali.stories.ui.LookBackActivity</string>
        <string>com.android.billingclient.api.ProxyBillingActivity</string>
        <string>com.vlv.aravali.views.activities.BaseUIActivity</string>
        <string>com.paytm.pgsdk.AioMatchUserActivity</string>
        <string>androidx.core.google.shortcuts.TrampolineActivity</string>
        <string>com.moengage.inapp.internal.activity.MoEInAppActivity</string>
        <string>com.yellowmessenger.ymchat.YellowBotWebViewActivity</string>
        <string>com.vlv.aravali.master.ui.MasterActivity</string>
        <string>in.juspay.hypersdk.core.CustomtabActivity</string>
    </set>
    <string name="registration_id">fHS6kw_1RJ-herIBjWvCv_:APA91bH0dFenbgtx_DPypCd3xIu-XdGGpGOtm_sXhhpqAQV2aWnlTaRs4YeWv_RS9UGJht27kfefrw45CzrXrnOuCuAsmFbKSWc-H3YOTf4fOYhv5UFM5ck</string>
    <long name="last_message_sync" value="1757496954579" />
    <boolean name="pref_installed" value="true" />
    <boolean name="is_device_registered" value="true" />
    <long name="last_config_sync_time" value="1757496866180" />
    <string name="core_moengage_environment">DEFAULT</string>
    <long name="notification_permission_tracked_time" value="1757497098654" />
    <long name="events_batch_number" value="9" />
    <long name="inapp_api_sync_delay" value="900" />
    <boolean name="has_registered_for_verification" value="false" />
    <long name="inapp_html_assets_delete_time" value="1757496865" />
    <long name="in_app_global_delay" value="36000" />
    <string name="APP_UUID">07d9801c-fee7-4053-8503-4e13a5581b5b</string>
    <string name="user_attribute_unique_id">219987752</string>
</map>
