<?xml version='1.0' encoding='utf-8' standalone='yes' ?>
<map>
    <int name="appVersion" value="40008" />
    <string name="user_session">{&quot;session_id&quot;:&quot;4721f66e-c3f8-4b41-a294-60a05740fff0&quot;,&quot;start_time&quot;:&quot;2026-01-23T04:49:50.134Z&quot;,&quot;last_interaction_time&quot;:1769143873209}</string>
    <int name="PREF_LAST_NOTIFICATION_ID" value="17989" />
    <long name="last_event_sync_time" value="1769143876627" />
    <long name="inapp_last_sync_time" value="1769143790" />
    <string name="PREF_LAST_SHOWN_CAMPAIGN_ID">69723479c1e8e9d77c0767f0_F_T_GP_AB_1_P_0_L_0</string>
    <string name="registration_id">dZKSms5-QzqvlkFpLgu3_M:APA91bFOo5DT5sfIezZUdvlT89jLXxQi44X-f7LmyhXIHg88P6swu48Lx2xdisA1Wbm-glUS35zFiehhHRZRTO7cIlqB96-ezEXIZhHrBxp9DqbmWpl2wsQ</string>
    <set name="sent_activity_list">
        <string>com.vlv.aravali.premium.PremiumTabParentActivity</string>
        <string>com.vlv.aravali.views.activities.MainActivity</string>
        <string>com.vlv.aravali.views.activities.SplashActivity</string>
        <string>com.vlv.aravali.login.LoginActivity</string>
    </set>
    <long name="last_message_sync" value="1769143790537" />
    <boolean name="pref_installed" value="true" />
    <boolean name="is_device_registered" value="true" />
    <long name="last_config_sync_time" value="1769143790501" />
    <long name="inapp_api_sync_delay" value="900" />
    <long name="inapp_html_assets_delete_time" value="1769143790" />
    <boolean name="has_registered_for_verification" value="false" />
    <boolean name="enable_logs" value="false" />
    <long name="in_app_global_delay" value="36000" />
    <string name="APP_UUID">cceb6e09-548b-4c80-bba6-8422e7be49d1</string>
    <string name="user_attribute_unique_id">118273996</string>
</map>
