<?xml version='1.0' encoding='utf-8' standalone='yes' ?>
<map>
    <long name="LAST_APPLICATION_SETTLE_TIMESTAMP" value="1761479659416" />
    <string name="SDK_SETTING_KEY">9d3da93020ba2e25a4b924100b9efb44041b6cba</string>
    <string name="FOLDER_SIZE">{&quot;size&quot;:613282,&quot;timestamp&quot;:1761479659438}</string>
    <long name="APPLICATION_DURATION_IN_BACKGROUND" value="1760622949169" />
    <string name="SDK_SETTINGS_SESSION_CONFIGURATION_STORAGE">{&quot;eOY5_Yd3lJCnUJPnIt9js&quot;:{&quot;allowedRecording&quot;:true},&quot;HeUOk1tVHDn-8c1B5ZSPh&quot;:{&quot;allowedRecording&quot;:true}}</string>
    <string name="SDK_SETTINGS_SESSION_RECORD_ID_TABLE">{}</string>
    <string name="SDK_VIDEO_SIZE">{&quot;width&quot;:320,&quot;height&quot;:720}</string>
    <long name="APPLICATION_START_TIMESTAMP" value="1761479652168" />
    <string name="LAST_KNOWN_SDK_VERSION">2.0.1</string>
    <string name="last_visitor_id">InHNG0x7SuGEN7x5cF-a8</string>
    <string name="session_to_visitor_map">{&quot;HeUOk1tVHDn-8c1B5ZSPh&quot;:&quot;InHNG0x7SuGEN7x5cF-a8&quot;,&quot;eOY5_Yd3lJCnUJPnIt9js&quot;:&quot;InHNG0x7SuGEN7x5cF-a8&quot;}</string>
</map>
