<?xml version='1.0' encoding='utf-8' standalone='yes' ?>
<map>
    <string name="comms_dmn:466-K5K-485Z">in1.clevertap-prod.com</string>
    <int name="comms_last_ts:466-K5K-485Z" value="1761479658" />
    <string name="comms_dmn_spiky:466-K5K-485Z">in1-spiky.clevertap-prod.com</string>
    <string name="SP_KEY_PROFILE_IDENTITIES:466-K5K-485Z">Email,Identity</string>
    <int name="sexe:466-K5K-485Z" value="1761479656" />
    <string name="cachedGUIDsKey:466-K5K-485Z">{&quot;Email_rxsumit359@gmail.com&quot;:&quot;__gab272a7873c844029d47e769176760e1&quot;,&quot;Identity_226463668&quot;:&quot;__gab272a7873c844029d47e769176760e1&quot;}</string>
    <int name="istc_inapp:__gab272a7873c844029d47e769176760e1:466-K5K-485Z" value="0" />
    <string name="ict_date:__gab272a7873c844029d47e769176760e1:466-K5K-485Z">26102025</string>
    <int name="comms_first_ts:466-K5K-485Z" value="1760622932" />
    <int name="comms_mtd:466-K5K-485Z" value="0" />
    <int name="pfjobid" value="1963534862" />
    <string name="deviceId:466-K5K-485Z">__gab272a7873c844029d47e769176760e1</string>
    <string name="instance:466-K5K-485Z">{&quot;accountId&quot;:&quot;466-K5K-485Z&quot;,&quot;accountToken&quot;:&quot;353-664&quot;,&quot;analyticsOnly&quot;:false,&quot;isDefaultInstance&quot;:true,&quot;useGoogleAdId&quot;:true,&quot;disableAppLaunchedEvent&quot;:false,&quot;personalization&quot;:true,&quot;debugLevel&quot;:0,&quot;createdPostAppLaunch&quot;:false,&quot;sslPinning&quot;:false,&quot;backgroundSync&quot;:true,&quot;getEnableCustomCleverTapId&quot;:false,&quot;beta&quot;:false,&quot;allowedPushTypes&quot;:[&quot;FCM&quot;,&quot;XPS&quot;,&quot;HPS&quot;,&quot;BPS&quot;,&quot;ADM&quot;]}</string>
    <int name="lastSessionId:466-K5K-485Z" value="1761479652" />
    <string name="fcm_token:466-K5K-485Z">fpd650D-RveepT3Hq0lT5a:APA91bHi44B0tlyifYwGWE7ZBYxilf2CSeg_99dWVqeIw2lPfA2mKdEETHMd-YifDbmqYLzIxG9PgOGYhFkxBLAG6XoJLs1d7GNUTZZyUYgsWvmUaVC9rg4</string>
</map>
