{"configs_key":{"play_recommended_on_locked_player":"false","free_tag_visibility":"true","app_language":"en","show_daily_updates_if_lang_hindi":"true","upgrade_popup_skip_premium_page":"false","api_response_caching_duration":"600","popular_search_terms":"Rich Dad Poor Dad, Sirf Tum, Think And Grow Rich, Positive Thinking","alert_download_size":"10","show_premium_tag_for_fiction":"true","animate_unlock_button_player":"false","show_player_onboarding":"true","invite_whatsapp_popup_delayed_time":"40000","show_content_language_after_login":"false","rating_delayed_time":"20000","pause_nudge":"false","subscription_page_url":"\/subscription","enable_guilt_popup_for_renewals":"false","allow_access_background_guide":"false","renewal_show_nudge":"false","signup_mandatory_v2":"false","mute_trailer_on_show_page":"true","show_social_proofing":"false","details_tab_active":"false","library_category_list":"null","new_mini_player":"false","audio_promotion":"true","show_listen_count":"true","login_screen_show_graphic":"true","should_show_new_subscription_page":"true","discount_ribbon_text":"type1 | Flat {x} OFF on | timer_OFF","enable_skip_and_google_login_for_international":"true","followed_podcast_source":"local_db","user_share_image":"true","should_skip_paywall_screen":"false","should_skip_login_for_all":"false","should_pre_apply_coupon_via_discount_discovery":"true","dark_theme_default":"true","enable_skip_on_onboarding_category":"false","show_shows_languages":"false","show_app_rating_layout":"true","should_show_contact_in_invite":"false","language_coachmark":"false","feedback_medium":"gmail","premium_support_phone":"02071530214","show_notification_delay":"300","should_play_banner_for_organic_user":"0","play_trailer_on_scroll_show_page":"true","signup_mandatory":"false","invite_layout_visibility":"false","profile_completion_on_follow":"false","retry_notification_image_interval":"30","channel_share_image":"false","channel_thumbnail":"0","show_paytm_in_payment_form":"true","show_download_discovery_indicators":"false","scroll_nudge_text":"Discover More","show_ribbon_extra_data":"false","show_player_notification_app_open":"true","skip_payment_failed_pending_page":"false","show_onboarding_for_female":"false","show_rating":"true","show_subscription_on_unlock_click":"true","should_show_onboarding_v3":"false","should_show_onboarding_v2":"true","show_review_on_player":"false","otp_resend_time":"60","should_skip_download_popup_show_subscription":"false","show_curation_onboarding":"true","rating_popup_count":"5","show_call_us_icon":"false","should_autoplay_for_d1plus_users":"false","show_episode_count":"10","show_onboarding_content_lang_screen":"true","skip_subscription_screen":"false","show_genre_tag_on_onboarding":"false","autoplay_on_player_for_new_user":"1","coupon_scarcity_renewal":"false","whatsapp_number":"919509528528","show_fomo_paywall":"false","cu_autoplay":"false","fb_user_auth_using_otp":"false","should_auto_click_miniplayer":"false","adds_episodes_interval":"2","premium_faqs":"null","premium_support_mail":"premium@kukufm.com","enable_gift_feature":"false","banner_refresh_rate":"10000","call_us_popup_data":"null","show_new_video_player":"false","singular_deeplink":"https:\/\/kukufm.sng.link\/Dpksi\/balh","utm_source_autoplay":"h_y","content_lang_on_subs_page":"false","player_experiment_d0":"false","episodes_pagination_size":"10","show_facebook_login":"false","retry_notification_image_count":"3","duration_on_content_enabled":"true","invite_remote_listening_time2":"60","rating_redirect_playstore":"false","content_preview_enabled":"true","show_home_quiz_d1":"false","play_trailer_content_preview":"true","should_play_campaign_cu":"false","show_notification_count":"3","animate_share_btn":"true","episodes_on_content_enabled":"false","always_show_premium_tab":"false","max_adds_per_day":"30","show_interstitial_ads":"true","play_audio_on_banner_click":"false","show_edit_profile_in_profile_page":"true","profile_show_invite_friends":"true","srt_enabled":"true","call_us_phones":"919929064400","creator_alert_visibility":"true","invite_no_of_days":"2","invite_remote_listening_time":"0","show_premium_tag":"false","show_gifting":"false"},"fetch_time_key":0,"abt_experiments_key":[],"personalization_metadata_key":{},"template_version_number_key":0}