{"Fid":"cgDZMpOZTDan14ZBmrDK-9","Status":3,"AuthToken":"eyJhbGciOiJFUzI1NiIsInR5cCI6IkpXVCJ9.eyJhcHBJZCI6IjE6ODUwMjIwMDM3MDgxOmFuZHJvaWQ6MmE1OGNhMjhkNmEzZDM0YiIsImV4cCI6MTc3MDAxMDU4NSwiZmlkIjoiY2dEWk1wT1pURGFuMTRaQm1yREstOSIsInByb2plY3ROdW1iZXIiOjg1MDIyMDAzNzA4MX0.AB2LPV8wRAIgIgtElPyAuq8PiInpgGf4EhRY72UulOvznqMcEoFILhoCIGFY6-n-jRAvl0QeNN2Gu8VHKa2o5GXmrk7QkpmXNNyX","RefreshToken":"3_AS3qfwKY1pZYcotHf3NGmQ32iDTRN97eBOfEtTFt6diIhq3AXp2sn0ZYef1UOLGSWjGD1a8aSNNSRcG2H4Lhzuy2in8HAj2Euh0eubTnHoJ-k9U","TokenCreationEpochInSecs":1769405785,"ExpiresInSecs":604800}