{"Fid":"fpd650D-RveepT3Hq0lT5a","Status":3,"AuthToken":"eyJhbGciOiJFUzI1NiIsInR5cCI6IkpXVCJ9.eyJhcHBJZCI6IjE6ODUwMjIwMDM3MDgxOmFuZHJvaWQ6MmE1OGNhMjhkNmEzZDM0YiIsImV4cCI6MTc2MjA4NDQ1MiwiZmlkIjoiZnBkNjUwRC1SdmVlcFQzSHEwbFQ1YSIsInByb2plY3ROdW1iZXIiOjg1MDIyMDAzNzA4MX0.AB2LPV8wRgIhAOsK7xSIfDdQ0Rf6yw7ProuMQ8XJpxRdD3-1eWsteUCWAiEAmZhrCrVbMd3unveY9553zSHpom0t83uRMuoghgGyUJQ","RefreshToken":"3_AS3qfwIRQpEX-1tCz49DhG8kT4wmwTIfw1aPSyUKS_yI1rn-evZ4-Z6m1cEDTv64y-69GsQ1V7t9v2HRxE5EBoLR07RiuatR0ZmneMCvA3DwRXw","TokenCreationEpochInSecs":1761479652,"ExpiresInSecs":604800}