{"Fid":"e3vdJnhdQfuCzot1rwPYVn","Status":3,"AuthToken":"eyJhbGciOiJFUzI1NiIsInR5cCI6IkpXVCJ9.eyJhcHBJZCI6IjE6ODUwMjIwMDM3MDgxOmFuZHJvaWQ6MmE1OGNhMjhkNmEzZDM0YiIsImV4cCI6MTc1OTQyMDQ0MSwiZmlkIjoiZTN2ZEpuaGRRZnVDem90MXJ3UFlWbiIsInByb2plY3ROdW1iZXIiOjg1MDIyMDAzNzA4MX0.AB2LPV8wRgIhAP7dHPRJE1kaoFg49KpWMUOVoiBgLB3UJB9yZRFPlRfqAiEArglNgEUw7RqU6Fy3wszmzQqv2_x0qqHYtMMPbHk_DsY","RefreshToken":"3_AS3qfwK5dvNYTerX5oSbASZTIpmhSoKOq6TJstmTDDXjaUpJrnLc8md45XTh6pAGeE_WGDEAcdTtdFJmL24Xx5HezRfpbPHhpzs4c2D5fdKom7Y","TokenCreationEpochInSecs":1758815641,"ExpiresInSecs":604800}