{"Fid":"cDMswvxqRje0oPgUAV6R1f","Status":3,"AuthToken":"eyJhbGciOiJFUzI1NiIsInR5cCI6IkpXVCJ9.eyJhcHBJZCI6IjE6ODUwMjIwMDM3MDgxOmFuZHJvaWQ6MmE1OGNhMjhkNmEzZDM0YiIsImV4cCI6MTc1NzIxMDU3MSwiZmlkIjoiY0RNc3d2eHFSamUwb1BnVUFWNlIxZiIsInByb2plY3ROdW1iZXIiOjg1MDIyMDAzNzA4MX0.AB2LPV8wRQIhAP9LYcBUTVuDXvwV9Ylu69mwht312JT9jtbPPsxa6Mx9AiAsOwNvPzQjUDk5ppgGMBQkWcA7zyk-kULev7WCAlcGqQ","RefreshToken":"3_AS3qfwLUghy1QJb0ocNRNbUuUzlmSyjRmbTkGQut-Ph2Wwr6e7I03faMCk-EZ-edOVhtg0wMMX3mGdxcYs0vbUAskuVWwBsg2le__C-o-Mg6oiU","TokenCreationEpochInSecs":1756605771,"ExpiresInSecs":604800}