{"Fid":"clmY4qpSSV-lHMEHPhIU9b","Status":3,"AuthToken":"eyJhbGciOiJFUzI1NiIsInR5cCI6IkpXVCJ9.eyJhcHBJZCI6IjE6ODUwMjIwMDM3MDgxOmFuZHJvaWQ6MmE1OGNhMjhkNmEzZDM0YiIsImV4cCI6MTc3MTgyNjUzMCwiZmlkIjoiY2xtWTRxcFNTVi1sSE1FSFBoSVU5YiIsInByb2plY3ROdW1iZXIiOjg1MDIyMDAzNzA4MX0.AB2LPV8wRAIgRXT-T0j_jzVGHliRetCSXyP_s2p6a7VZP1wPmhO00oQCICEmo1VspeC6kaBDbftuqRoEou4HLLY-7qWZ_s60oYX0","RefreshToken":"3_AS3qfwJMDYg1cbfE9BvyKyTkgTzAanaY6xpla3AR3mZydOQ_jPnCR0T8s3DOYbVark2OkwjnhCicQlQNLWfLT5loHBz15MFajw0kak7Jtewy8A","TokenCreationEpochInSecs":1771221729,"ExpiresInSecs":604800}