{"Fid":"cDcjqyJXSHWjxF42V8975Q","Status":3,"AuthToken":"eyJhbGciOiJFUzI1NiIsInR5cCI6IkpXVCJ9.eyJhcHBJZCI6IjE6ODUwMjIwMDM3MDgxOmFuZHJvaWQ6MmE1OGNhMjhkNmEzZDM0YiIsImV4cCI6MTc2MDkyODE0OCwiZmlkIjoiY0RjanF5SlhTSFdqeEY0MlY4OTc1USIsInByb2plY3ROdW1iZXIiOjg1MDIyMDAzNzA4MX0.AB2LPV8wRAIgEQuRT3iSVVT3NynvVWUIIv7JnNNza3ZJMx4AKpEz9xQCIDNOn-Awq1GjTIibVR0NsjJoWiVeNlum7Bv3fgcYUN2Y","RefreshToken":"3_AS3qfwLr7LRW8qBqNGwRqv6pVlw58JEt2ewu3uTma3wiwLECGwo-UcOTpalccuBKlNuWHnDsYKZCxcUzmd2Bpa-2N9InqVpUHt4XfvnI__VjuEw","TokenCreationEpochInSecs":1760323347,"ExpiresInSecs":604800}