{"Fid":"eb3jkjaWQfqSid73zOzF0J","Status":3,"AuthToken":"eyJhbGciOiJFUzI1NiIsInR5cCI6IkpXVCJ9.eyJhcHBJZCI6IjE6ODUwMjIwMDM3MDgxOmFuZHJvaWQ6MmE1OGNhMjhkNmEzZDM0YiIsImV4cCI6MTc2MDQ5OTcxNywiZmlkIjoiZWIzamtqYVdRZnFTaWQ3M3pPekYwSiIsInByb2plY3ROdW1iZXIiOjg1MDIyMDAzNzA4MX0.AB2LPV8wRQIgZ-DzdwYi0ZKhOClVb4RtRCCgoCyohYUjR7DcS5rF2ZkCIQCgubtLPWOuoipi14tmFUJ28rO57A-I8CNVtUCb4QhZmg","RefreshToken":"3_AS3qfwIGWZz7aGyaCKgCWhh0pxXaI5ObkknSUQZ6zWUlnURm-j9dmhy5sn3mBycDBe2TjHn1auOjawj5TOHolcJOdosoybfJrbWVYQkDLcR4uw","TokenCreationEpochInSecs":1759894916,"ExpiresInSecs":604800}