{"Fid":"edEQ2kKPQ9iLRwXh0wU42M","Status":3,"AuthToken":"eyJhbGciOiJFUzI1NiIsInR5cCI6IkpXVCJ9.eyJhcHBJZCI6IjE6ODUwMjIwMDM3MDgxOmFuZHJvaWQ6MmE1OGNhMjhkNmEzZDM0YiIsImV4cCI6MTc1ODY5Mjg2MywiZmlkIjoiZWRFUTJrS1BROWlMUndYaDB3VTQyTSIsInByb2plY3ROdW1iZXIiOjg1MDIyMDAzNzA4MX0.AB2LPV8wRgIhANHhbe2tQGlH4sgV1BSjl4LQicw3Nri970RpHDvy6CkeAiEAkOEbcYZ5u9nfA3wZohOHwV1xIEJDUec8z_Id3idGLEU","RefreshToken":"3_AS3qfwLRuPOPTY-50svdn0L1fL_w_5NMbOIbzYV9NOERQBU9uxLC2GRqCtuFeWnoMbMkmoswoYttV3MHR5thvSL8SHJtCpJLLwXEzyrD2GVTqfg","TokenCreationEpochInSecs":1758088062,"ExpiresInSecs":604800}