{"Fid":"fj_7lADCSo-_DsmjswOpao","Status":3,"AuthToken":"eyJhbGciOiJFUzI1NiIsInR5cCI6IkpXVCJ9.eyJhcHBJZCI6IjE6ODUwMjIwMDM3MDgxOmFuZHJvaWQ6MmE1OGNhMjhkNmEzZDM0YiIsImV4cCI6MTc2MDQ1OTU3MSwiZmlkIjoiZmpfN2xBRENTby1fRHNtanN3T3BhbyIsInByb2plY3ROdW1iZXIiOjg1MDIyMDAzNzA4MX0.AB2LPV8wRQIhAI2DFYkzyMBBwMAs-q7GxwbBWXDfxAncIYSX7sCXxJYjAiAyFGs5XBM_H5Cl6NNosAfWCmHhdRrfy1UkoPfkqoJIeQ","RefreshToken":"3_AS3qfwINc17BDJy7CVkRAMe0GQGbtkQv_TgibvvZeaZCjt_yJoEJh-GePW6r7r9BDf8jz5g3aWbQQTFpaYeCN1ln-KFmf4BcWJzHKMXEah3HNBw","TokenCreationEpochInSecs":1759854770,"ExpiresInSecs":604800}