{"Fid":"e3vdJnhdQfuCzot1rwPYVn","Status":3,"AuthToken":"eyJhbGciOiJFUzI1NiIsInR5cCI6IkpXVCJ9.eyJhcHBJZCI6IjE6ODUwMjIwMDM3MDgxOmFuZHJvaWQ6MmE1OGNhMjhkNmEzZDM0YiIsImV4cCI6MTc1ODI1NjUwMCwiZmlkIjoiZTN2ZEpuaGRRZnVDem90MXJ3UFlWbiIsInByb2plY3ROdW1iZXIiOjg1MDIyMDAzNzA4MX0.AB2LPV8wRQIgIF3OQhbJZa0ODb51s-8Po0UwBVOsOH6EKxQ9cEaE8sMCIQD84S4JaGnSAsQxHGdo-FOwk9MPGwLD6qD9U9BgAtEWBA","RefreshToken":"3_AS3qfwK5dvNYTerX5oSbASZTIpmhSoKOq6TJstmTDDXjaUpJrnLc8md45XTh6pAGeE_WGDEAcdTtdFJmL24Xx5HezRfpbPHhpzs4c2D5fdKom7Y","TokenCreationEpochInSecs":1757651699,"ExpiresInSecs":604800}