{"Fid":"f-RGyklLR66RHa5k4FYJ1z","Status":3,"AuthToken":"eyJhbGciOiJFUzI1NiIsInR5cCI6IkpXVCJ9.eyJhcHBJZCI6IjE6ODUwMjIwMDM3MDgxOmFuZHJvaWQ6MmE1OGNhMjhkNmEzZDM0YiIsImV4cCI6MTc2MDM2ODg3MCwiZmlkIjoiZi1SR3lrbExSNjZSSGE1azRGWUoxeiIsInByb2plY3ROdW1iZXIiOjg1MDIyMDAzNzA4MX0.AB2LPV8wRQIgZZ0QF-7M3VrjWHlMQszM02aFbY-DrWu29KqIG--FDFQCIQD3IV6sXU-4OFsm53l1DVRrVI8qMcmGuXBREgOwNwyeiA","RefreshToken":"3_AS3qfwJWm7db4Z_l7xdYExgA5GBpYIiqBKTGvBh32VGQ6w4C_0oAX0RP2T0xXFUQ1nftOG7HSs5-nGgjqRnIqrY9yxsPn9jpSPMeUZg1lxg0hiI","TokenCreationEpochInSecs":1759764070,"ExpiresInSecs":604800}