{"Fid":"cAxrZe_lTEKkqUkrny-sLk","Status":3,"AuthToken":"eyJhbGciOiJFUzI1NiIsInR5cCI6IkpXVCJ9.eyJhcHBJZCI6IjE6ODUwMjIwMDM3MDgxOmFuZHJvaWQ6MmE1OGNhMjhkNmEzZDM0YiIsImV4cCI6MTc3MDAwMzg5OSwiZmlkIjoiY0F4clplX2xURUtrcVVrcm55LXNMayIsInByb2plY3ROdW1iZXIiOjg1MDIyMDAzNzA4MX0.AB2LPV8wRQIgYAfeILSzUrMHA2dHcnUIBVuccX5nDFc6wFRMXxIUOCICIQDOHKRX7K2VelqT6ZRCOE3lWxCC-qtLfHmQRyXByQG6cA","RefreshToken":"3_AS3qfwLM0E4K_WUj7zI_u5o_L-_3AZWfCLiiuWaVMrqqmDWrEexPPbJJUo7gHBo5gatopOTA4y2gFl4tHp_FxU-g8T0y6uNkfl_7-1kfMyY2bgA","TokenCreationEpochInSecs":1769399100,"ExpiresInSecs":604800}