{"Fid":"cz5sXpXLSk6UzKh1mUmf-F","Status":3,"AuthToken":"eyJhbGciOiJFUzI1NiIsInR5cCI6IkpXVCJ9.eyJhcHBJZCI6IjE6ODUwMjIwMDM3MDgxOmFuZHJvaWQ6MmE1OGNhMjhkNmEzZDM0YiIsImV4cCI6MTc2MDU0NDM5NSwiZmlkIjoiY3o1c1hwWExTazZVektoMW1VbWYtRiIsInByb2plY3ROdW1iZXIiOjg1MDIyMDAzNzA4MX0.AB2LPV8wRAIgSG6MClEorNpcygsZcwvX4KU4ANvx9bIEOKJqeLtYHkkCICBBdqXmOr3_LKdyuWW3xOC68RhKkMS_2JOU6P6CJYgJ","RefreshToken":"3_AS3qfwK9WCAF4FG6olGIRh331GsrBXv3Z93EEnIpH7oK_vm4YFStC-vkkaxjtz3g17y3OrKdbIFgzB_LQatIY4_gvH7rAHvBdwt3Bpl7oXcpTA","TokenCreationEpochInSecs":1759939594,"ExpiresInSecs":604800}