{"Fid":"fHS6kw_1RJ-herIBjWvCv_","Status":3,"AuthToken":"eyJhbGciOiJFUzI1NiIsInR5cCI6IkpXVCJ9.eyJhcHBJZCI6IjE6ODUwMjIwMDM3MDgxOmFuZHJvaWQ6MmE1OGNhMjhkNmEzZDM0YiIsImV4cCI6MTc1ODEwMTg5NCwiZmlkIjoiZkhTNmt3XzFSSi1oZXJJQmpXdkN2XyIsInByb2plY3ROdW1iZXIiOjg1MDIyMDAzNzA4MX0.AB2LPV8wRAIgdMyZd5SeF375M7Y05fAF9ByWZ8k17M9QYnCFucb-kkYCICWXDmGpmjJ3da2jAlNxZr8VgDtEp0-ztHSagawOTHLj","RefreshToken":"3_AS3qfwIrQo_uhoxZMiDVTWXchAvcR9DE46Kk07UGmiX1pIdw_6agRYa5leNkIfbnUUAUSrdkj8bmNXzJlTwsh-uaWR9gJVSallZMoKGJZoJ2Sg","TokenCreationEpochInSecs":1757497093,"ExpiresInSecs":604800}