{"Fid":"cnuEhiqwQCuwQm9kXBr-Ag","Status":3,"AuthToken":"eyJhbGciOiJFUzI1NiIsInR5cCI6IkpXVCJ9.eyJhcHBJZCI6IjE6ODUwMjIwMDM3MDgxOmFuZHJvaWQ6MmE1OGNhMjhkNmEzZDM0YiIsImV4cCI6MTc1NzE1NzcwOSwiZmlkIjoiY251RWhpcXdRQ3V3UW05a1hCci1BZyIsInByb2plY3ROdW1iZXIiOjg1MDIyMDAzNzA4MX0.AB2LPV8wRAIgNetBYR_6L6a4G4KZtlVj09a9W6pCnMs08IX7zbIsUFwCIG_B_9HEGYFKLwFciSW_rmTGjL7LWKv9nBwGB5a9mw7e","RefreshToken":"3_AS3qfwJC2XNlCNYmtXxNAODc4ZIy3k8laAZFbLIrAQJYEDkrH_GFGy3QfLk35ePBdY5-TeaYpBwgiMEWJrgAqyIE9VGz7TFBLnhlnHrd_C09vQ","TokenCreationEpochInSecs":1756552908,"ExpiresInSecs":604800}