{"Fid":"eJbw_4pTRqeTWuCrZk782S","Status":3,"AuthToken":"eyJhbGciOiJFUzI1NiIsInR5cCI6IkpXVCJ9.eyJhcHBJZCI6IjE6ODUwMjIwMDM3MDgxOmFuZHJvaWQ6MmE1OGNhMjhkNmEzZDM0YiIsImV4cCI6MTc1NzY1MTA3NSwiZmlkIjoiZUpid180cFRScWVUV3VDclprNzgyUyIsInByb2plY3ROdW1iZXIiOjg1MDIyMDAzNzA4MX0.AB2LPV8wRAIgFE7WCW5zJm7_wNGnp4kDOEnyLQ8bElZ_etE_zjplRfACIAZ6MSTTPYdUzGo-g2DN8nEggEeckJePU5oQ_gXYOv7i","RefreshToken":"3_AS3qfwLaYW1F7nA3_Df7csOmt3tO0L_FWXH6D7TleiUFoO84pL0QRK-ZrRhnLD74ZSOyaysnUZMm8GXcPIju7un-sOnO5qHrA5Vq_ahrZamx9yU","TokenCreationEpochInSecs":1757046275,"ExpiresInSecs":604800}