{"Fid":"dZKSms5-QzqvlkFpLgu3_M","Status":3,"AuthToken":"eyJhbGciOiJFUzI1NiIsInR5cCI6IkpXVCJ9.eyJhcHBJZCI6IjE6ODUwMjIwMDM3MDgxOmFuZHJvaWQ6MmE1OGNhMjhkNmEzZDM0YiIsImV4cCI6MTc2OTc0ODU4OSwiZmlkIjoiZFpLU21zNS1RenF2bGtGcExndTNfTSIsInByb2plY3ROdW1iZXIiOjg1MDIyMDAzNzA4MX0.AB2LPV8wRAIgJLlvXlIcmJdipAkxF4fNYm4VnN2eToRQQhnzQJd_GogCIHQzDRbmxjE2hxNb3c8MzlrCZfi4qk7GycJkO5_8PVBv","RefreshToken":"3_AS3qfwLplg8Zu3w0Wiy8osZipR0Gic6iV0_fsrwHp3kHiPzxT6ynlkVMssV-dp0nPKkZ6iTcDi65G0Li8bjXkh9rNov-IT0IX2F4uU1QoNHoMC4","TokenCreationEpochInSecs":1769143789,"ExpiresInSecs":604800}